
-- This block ensures tables are dropped if they already exist in the database.

whenever sqlerror continue

DROP table PROJECT_DETAILS_ELEVATOR;
DROP table PROJECT_DETAILS_ESCALATOR;
DROP table PROJECT_DETAILS;
DROP TABLE PROJECT;
DROP TABLE CLIENT;
drop table PRODUCT_CONFIG;
DROP table PROJECT_EMPLOYEE;

whenever sqlerror exit 1

--Client table creation statement

CREATE TABLE CLIENT
  (
    client_id    NUMBER PRIMARY KEY,
    client_name  VARCHAR2(50)NOT NULL,
    street_name  VARCHAR2(50),
    city         VARCHAR2(20),
    State        VARCHAR2(20),
    zipcode      NUMBER NOT NULL,
    contact_name VARCHAR2(50)NOT NULL,
    phone_number VARCHAR2(10) NOT NULL
  );
 
--Product configuration table creation statement


CREATE TABLE PRODUCT_CONFIG
  (
    model_id       NUMBER PRIMARY KEY,
    model_name     VARCHAR2(20)NOT NULL,
    model_Category VARCHAR2(20) NOT NULL
  );

-- Project_Employee table creation statement

CREATE TABLE PROJECT_EMPLOYEE
(
EMPLOYEE_ID NUMBER PRIMARY KEY,
FIRST_NAME VARCHAR2(50) NOT NULL,
LAST_NAME VARCHAR2(50) NOT NULL,
EMAIL VARCHAR2(50) NOT NULL UNIQUE,
HIRE_DATE DATE NOT NULL,
JOB_ID VARCHAR2(20) NOT NULL,
PHONE_NUMBER NUMBER
);

-- Projects table creation statement

CREATE TABLE PROJECT
(
PROJECT_ID NUMBER PRIMARY KEY,
CLIENT_ID NUMBER NOT NULL,
START_DATE DATE NOT NULL,
END_DATE DATE,
DEADLINE DATE NOT NULL,
SALESREP_ID NUMBER,
FIS_ID NUMBER,
STATUS VARCHAR2(50),
AGREED_BUDGET NUMBER NOT NULL,
ACTUAL_BUDGET NUMBER,
CONSTRAINT fk_client
    FOREIGN KEY (client_id)
    REFERENCES client(client_id),
CONSTRAINT fk_sales_employee
    FOREIGN KEY (SALESREP_ID)
    REFERENCES PROJECT_EMPLOYEE(EMPLOYEE_ID),
CONSTRAINT fk_fis_employee
    FOREIGN KEY (FIS_ID)
    REFERENCES PROJECT_EMPLOYEE(EMPLOYEE_ID)
);

-- Project_Details table creation statement

CREATE TABLE PROJECT_DETAILS 
(
PROJECT_ID NUMBER,
MODEL_ID NUMBER,
PRIORITY NUMBER NOT NULL,
QUANTITY NUMBER NOT NULL,
STATUS VARCHAR2(20),
MODEL_CATEGORY VARCHAR2(1) NOT NULL,
CAPACITY  NUMBER NOT NULL,
PURPOSE VARCHAR2(20) NOT NULL,
CONSTRAINT pk_project_details
    PRIMARY KEY(PROJECT_ID,MODEL_ID),
CONSTRAINT fk_project_id
    FOREIGN KEY (PROJECT_ID)
    REFERENCES PROJECT(PROJECT_ID),
CONSTRAINT fk_model_id
    FOREIGN KEY (MODEL_ID)
    REFERENCES PRODUCT_CONFIG(MODEL_ID)
);


-- Project_Details_Escalator details table creation statement

CREATE TABLE PROJECT_DETAILS_ESCALATOR 
(
PROJECT_ID NUMBER,
MODEL_ID NUMBER,
VELOCITY NUMBER NOT NULL,
ANGLE NUMBER NOT NULL,
STEP_WIDTH NUMBER NOT NULL,
CONSTRAINT pk_project_det_escalator
    PRIMARY KEY(PROJECT_ID,MODEL_ID),
CONSTRAINT fk_project_det_esc
    FOREIGN KEY (PROJECT_ID,MODEL_ID)
    REFERENCES PROJECT_DETAILS(PROJECT_ID,MODEL_ID)
);

-- Project_Details_Elevator details table creation statement

CREATE TABLE PROJECT_DETAILS_ELEVATOR
(
PROJECT_ID NUMBER,
MODEL_ID NUMBER,
LENGTH NUMBER NOT NULL,
BREADTH NUMBER NOT NULL,
HEIGHT NUMBER NOT NULL,
DOOR_TYPE VARCHAR2(15) NOT NULL,
MAX_RISE NUMBER NOT NULL,
MAX_SPEED NUMBER NOT NULL,
CONSTRAINT pk_project_det_elevator
    PRIMARY KEY(PROJECT_ID,MODEL_ID),
CONSTRAINT fk_project_det_ele
    FOREIGN KEY (PROJECT_ID,MODEL_ID)
    REFERENCES PROJECT_DETAILS(PROJECT_ID,MODEL_ID)
);

-- Client table insert statements

Insert into CLIENT (CLIENT_ID,CLIENT_NAME,STREET_NAME,CITY,STATE,ZIPCODE,CONTACT_NAME,PHONE_NUMBER) values (1001,'Travellers','Mainstreet','Hartford','Connecticut',6105,'Vamshi','8169056432');
Insert into CLIENT (CLIENT_ID,CLIENT_NAME,STREET_NAME,CITY,STATE,ZIPCODE,CONTACT_NAME,PHONE_NUMBER) values (1002,'Uconn','Onestate','Hartford','Connecticut',6104,'Kathy','8603122455');
Insert into CLIENT (CLIENT_ID,CLIENT_NAME,STREET_NAME,CITY,STATE,ZIPCODE,CONTACT_NAME,PHONE_NUMBER) values (1003,'Cigna','Bloomfied','Hartford','Connecticut',6110,'Manohar','8606754354');
Insert into CLIENT (CLIENT_ID,CLIENT_NAME,STREET_NAME,CITY,STATE,ZIPCODE,CONTACT_NAME,PHONE_NUMBER) values (1004,'Aetna','Farmington','Hartford','Connecticut',6101,'Raviteja','9985960315');
Insert into CLIENT (CLIENT_ID,CLIENT_NAME,STREET_NAME,CITY,STATE,ZIPCODE,CONTACT_NAME,PHONE_NUMBER) values (1005,'Thehartford','Northmain','Hartford','Connecticut',6150,'Abhimitha','8601254567');
Insert into CLIENT (CLIENT_ID,CLIENT_NAME,STREET_NAME,CITY,STATE,ZIPCODE,CONTACT_NAME,PHONE_NUMBER) values (1006,'Microsoft','Owen','Redmond','Washington',98052,'Jayachandra','8169056575');
Insert into CLIENT (CLIENT_ID,CLIENT_NAME,STREET_NAME,CITY,STATE,ZIPCODE,CONTACT_NAME,PHONE_NUMBER) values (1007,'Pricleline','Fedrick','Norwalk','Connecticut',6175,'Yeswanth','8160056575');
Insert into CLIENT (CLIENT_ID,CLIENT_NAME,STREET_NAME,CITY,STATE,ZIPCODE,CONTACT_NAME,PHONE_NUMBER) values (1008,'Facebook','palaalto','Menlopark','California',94025,'Shreyas','9843205664');
Insert into CLIENT (CLIENT_ID,CLIENT_NAME,STREET_NAME,CITY,STATE,ZIPCODE,CONTACT_NAME,PHONE_NUMBER) values (1009,'Google','Leo Road','Dieppe','California',78795,'Idona','1632158482');
Insert into CLIENT (CLIENT_ID,CLIENT_NAME,STREET_NAME,CITY,STATE,ZIPCODE,CONTACT_NAME,PHONE_NUMBER) values (1010,'Alcatel',' Blandit Street','Zevekote','California',18999,'Winifred','8295125219');
Insert into CLIENT (CLIENT_ID,CLIENT_NAME,STREET_NAME,CITY,STATE,ZIPCODE,CONTACT_NAME,PHONE_NUMBER) values (1011,'Comcast','Sed Street','Sauris','Connecticut',73832,'Kimberly','2899462407');
Insert into CLIENT (CLIENT_ID,CLIENT_NAME,STREET_NAME,CITY,STATE,ZIPCODE,CONTACT_NAME,PHONE_NUMBER) values (1012,'Segate','Ultrices. Avenue','Margate','Newyork',33963,'Bruno','7165903755');
Insert into CLIENT (CLIENT_ID,CLIENT_NAME,STREET_NAME,CITY,STATE,ZIPCODE,CONTACT_NAME,PHONE_NUMBER) values (1013,'Walmart',' Dui. Av.','Pontypridd','Florida',51343,'Cody','2007771284');
Insert into CLIENT (CLIENT_ID,CLIENT_NAME,STREET_NAME,CITY,STATE,ZIPCODE,CONTACT_NAME,PHONE_NUMBER) values (1014,'GAP','Eget','Wiekevorst','Florida',67680,'Sylvester','4373553279');
Insert into CLIENT (CLIENT_ID,CLIENT_NAME,STREET_NAME,CITY,STATE,ZIPCODE,CONTACT_NAME,PHONE_NUMBER) values (1015,'Caleres','Commodo Rd.','Birmingham','Texas',32535,'Keefe','9276473081');
Insert into CLIENT (CLIENT_ID,CLIENT_NAME,STREET_NAME,CITY,STATE,ZIPCODE,CONTACT_NAME,PHONE_NUMBER) values (1016,'Amazon','Auctor St.','Turgutlu','Texas',61218,'Ralph','3137342184');
Insert into CLIENT (CLIENT_ID,CLIENT_NAME,STREET_NAME,CITY,STATE,ZIPCODE,CONTACT_NAME,PHONE_NUMBER) values (1017,'Equifax','Morbi Road','Boston','Texas',46874,'Frances','7155603708');
Insert into CLIENT (CLIENT_ID,CLIENT_NAME,STREET_NAME,CITY,STATE,ZIPCODE,CONTACT_NAME,PHONE_NUMBER) values (1018,'Wipro','Sed Avenue','Dolceacqua','Newyork',64338,'Gannon','9895931022');
Insert into CLIENT (CLIENT_ID,CLIENT_NAME,STREET_NAME,CITY,STATE,ZIPCODE,CONTACT_NAME,PHONE_NUMBER) values (1019,'CTS','Arcu Avenue','Athus','Newyork',17674,'Justin','2822311526');
Insert into CLIENT (CLIENT_ID,CLIENT_NAME,STREET_NAME,CITY,STATE,ZIPCODE,CONTACT_NAME,PHONE_NUMBER) values (1020,'Infosys','Libero ','Knighton','Florida',56705,'Mollie','9787911325');
Insert into CLIENT (CLIENT_ID,CLIENT_NAME,STREET_NAME,CITY,STATE,ZIPCODE,CONTACT_NAME,PHONE_NUMBER) values (1021,'Hcl','Est Av.','Eisden','Washington',38209,'Dawn','3384054061');
commit;

-- Project_Employee table insert statements

Insert into PROJECT_EMPLOYEE (EMPLOYEE_ID,FIRST_NAME,LAST_NAME,EMAIL,HIRE_DATE,JOB_ID,PHONE_NUMBER) values (271001,'Noble','Collins','Noble.Collins@otis.com',to_date('21-04-10','DD-MM-RR'),'Sales',7741784730);
Insert into PROJECT_EMPLOYEE (EMPLOYEE_ID,FIRST_NAME,LAST_NAME,EMAIL,HIRE_DATE,JOB_ID,PHONE_NUMBER) values (271002,'Rebecca','Kaufman','Rebecca.Kaufman@otis.com',to_date('12-04-14','DD-MM-RR'),'FIS',5201153152);
Insert into PROJECT_EMPLOYEE (EMPLOYEE_ID,FIRST_NAME,LAST_NAME,EMAIL,HIRE_DATE,JOB_ID,PHONE_NUMBER) values (271003,'Ocean','Chang','Ocean.Chang@otis.com',to_date('26-11-10','DD-MM-RR'),'Sales',4869567164);
Insert into PROJECT_EMPLOYEE (EMPLOYEE_ID,FIRST_NAME,LAST_NAME,EMAIL,HIRE_DATE,JOB_ID,PHONE_NUMBER) values (271004,'Octavius','Albert','Octavius.Albert@otis.com',to_date('09-05-05','DD-MM-RR'),'FIS',9411137413);
Insert into PROJECT_EMPLOYEE (EMPLOYEE_ID,FIRST_NAME,LAST_NAME,EMAIL,HIRE_DATE,JOB_ID,PHONE_NUMBER) values (271005,'TaShya','Heath','TaShya.Heath@otis.com',to_date('25-10-05','DD-MM-RR'),'Sales',7369232567);
Insert into PROJECT_EMPLOYEE (EMPLOYEE_ID,FIRST_NAME,LAST_NAME,EMAIL,HIRE_DATE,JOB_ID,PHONE_NUMBER) values (271006,'Merrill','Schwartz','Merrill.Schwartz@otis.com',to_date('24-04-11','DD-MM-RR'),'FIS',8795622777);
Insert into PROJECT_EMPLOYEE (EMPLOYEE_ID,FIRST_NAME,LAST_NAME,EMAIL,HIRE_DATE,JOB_ID,PHONE_NUMBER) values (271007,'Neil','Best','Neil.Best@otis.com',to_date('08-08-10','DD-MM-RR'),'Sales',7142179110);
Insert into PROJECT_EMPLOYEE (EMPLOYEE_ID,FIRST_NAME,LAST_NAME,EMAIL,HIRE_DATE,JOB_ID,PHONE_NUMBER) values (271008,'Patrick','Harris','Patrick.Harris@otis.com',to_date('17-09-08','DD-MM-RR'),'FIS',8036744953);
Insert into PROJECT_EMPLOYEE (EMPLOYEE_ID,FIRST_NAME,LAST_NAME,EMAIL,HIRE_DATE,JOB_ID,PHONE_NUMBER) values (271009,'Aubrey','Pope','Aubrey.Pope@otis.com',to_date('03-03-16','DD-MM-RR'),'Sales',7453504083);
Insert into PROJECT_EMPLOYEE (EMPLOYEE_ID,FIRST_NAME,LAST_NAME,EMAIL,HIRE_DATE,JOB_ID,PHONE_NUMBER) values (271010,'Rooney','Bird','Rooney.Bird@otis.com',to_date('24-01-14','DD-MM-RR'),'FIS',4515791766);
Insert into PROJECT_EMPLOYEE (EMPLOYEE_ID,FIRST_NAME,LAST_NAME,EMAIL,HIRE_DATE,JOB_ID,PHONE_NUMBER) values (271011,'Natalie','Cantu','Natalie.Cantu@otis.com',to_date('18-11-03','DD-MM-RR'),'Sales',7476209884);
Insert into PROJECT_EMPLOYEE (EMPLOYEE_ID,FIRST_NAME,LAST_NAME,EMAIL,HIRE_DATE,JOB_ID,PHONE_NUMBER) values (271012,'Brianna','Odom','Brianna.Odom@otis.com',to_date('10-09-02','DD-MM-RR'),'FIS',2638310159);
Insert into PROJECT_EMPLOYEE (EMPLOYEE_ID,FIRST_NAME,LAST_NAME,EMAIL,HIRE_DATE,JOB_ID,PHONE_NUMBER) values (271013,'Inez','Moreno','Inez.Moreno@otis.com',to_date('10-01-10','DD-MM-RR'),'Sales',6507992146);
Insert into PROJECT_EMPLOYEE (EMPLOYEE_ID,FIRST_NAME,LAST_NAME,EMAIL,HIRE_DATE,JOB_ID,PHONE_NUMBER) values (271014,'Gareth','Bridges','Gareth.Bridges@otis.com',to_date('08-11-01','DD-MM-RR'),'FIS',3967178121);
Insert into PROJECT_EMPLOYEE (EMPLOYEE_ID,FIRST_NAME,LAST_NAME,EMAIL,HIRE_DATE,JOB_ID,PHONE_NUMBER) values (271015,'Farrah','Allison','Farrah.Allison@otis.com',to_date('13-03-00','DD-MM-RR'),'Sales',5027842538);
Insert into PROJECT_EMPLOYEE (EMPLOYEE_ID,FIRST_NAME,LAST_NAME,EMAIL,HIRE_DATE,JOB_ID,PHONE_NUMBER) values (271016,'Troy','Cotton','Troy.Cotton@otis.com',to_date('16-07-16','DD-MM-RR'),'FIS',3421293531);
Insert into PROJECT_EMPLOYEE (EMPLOYEE_ID,FIRST_NAME,LAST_NAME,EMAIL,HIRE_DATE,JOB_ID,PHONE_NUMBER) values (271017,'Pearl','Whitley','Pearl.Whitley@otis.com',to_date('02-02-09','DD-MM-RR'),'Sales',6299802043);
Insert into PROJECT_EMPLOYEE (EMPLOYEE_ID,FIRST_NAME,LAST_NAME,EMAIL,HIRE_DATE,JOB_ID,PHONE_NUMBER) values (271018,'Briar','Mcdonald','Briar.Mcdonald@otis.com',to_date('20-04-00','DD-MM-RR'),'FIS',4192263210);
Insert into PROJECT_EMPLOYEE (EMPLOYEE_ID,FIRST_NAME,LAST_NAME,EMAIL,HIRE_DATE,JOB_ID,PHONE_NUMBER) values (271019,'Whoopi','Sparks','Whoopi.Sparks@otis.com',to_date('21-03-09','DD-MM-RR'),'Sales',4612688081);
Insert into PROJECT_EMPLOYEE (EMPLOYEE_ID,FIRST_NAME,LAST_NAME,EMAIL,HIRE_DATE,JOB_ID,PHONE_NUMBER) values (271020,'Merrill','Moon','Merrill.Moon@otis.com',to_date('01-09-08','DD-MM-RR'),'Sales',4534131143);
Insert into PROJECT_EMPLOYEE (EMPLOYEE_ID,FIRST_NAME,LAST_NAME,EMAIL,HIRE_DATE,JOB_ID,PHONE_NUMBER) values (271021,'Maile','Eaton','Maile.Eaton@otis.com',to_date('11-05-03','DD-MM-RR'),'Sales',7207697388);
Insert into PROJECT_EMPLOYEE (EMPLOYEE_ID,FIRST_NAME,LAST_NAME,EMAIL,HIRE_DATE,JOB_ID,PHONE_NUMBER) values (271022,'Eliana','Dodson','Eliana.Dodson@otis.com',to_date('01-05-15','DD-MM-RR'),'Sales',2183744842);
Insert into PROJECT_EMPLOYEE (EMPLOYEE_ID,FIRST_NAME,LAST_NAME,EMAIL,HIRE_DATE,JOB_ID,PHONE_NUMBER) values (271023,'Benjamin','Cannon','Benjamin.Cannon@otis.com',to_date('16-08-16','DD-MM-RR'),'Sales',9714465758);
Insert into PROJECT_EMPLOYEE (EMPLOYEE_ID,FIRST_NAME,LAST_NAME,EMAIL,HIRE_DATE,JOB_ID,PHONE_NUMBER) values (271024,'jaya','Balusu','jaya.balusu@otis.com',to_date('21-03-09','DD-MM-RR'),'Designer',9491179475);
Insert into PROJECT_EMPLOYEE (EMPLOYEE_ID,FIRST_NAME,LAST_NAME,EMAIL,HIRE_DATE,JOB_ID,PHONE_NUMBER) values (271025,'sairam','Balusu','sai.balusu@otis.com',to_date('02-02-09','DD-MM-RR'),'Designer',8125946945);
commit;



-- Product_Configuration table insert statements
Insert into PRODUCT_CONFIG (MODEL_ID,MODEL_NAME,MODEL_CATEGORY) values (101,'hydro fit','elevator');
Insert into PRODUCT_CONFIG (MODEL_ID,MODEL_NAME,MODEL_CATEGORY) values (102,'gen fit','elevator');
Insert into PRODUCT_CONFIG (MODEL_ID,MODEL_NAME,MODEL_CATEGORY) values (103,'sky rise','elevator');
Insert into PRODUCT_CONFIG (MODEL_ID,MODEL_NAME,MODEL_CATEGORY) values (104,'nce green','escalator');
Insert into PRODUCT_CONFIG (MODEL_ID,MODEL_NAME,MODEL_CATEGORY) values (105,'walkway','escalator');
commit;

--- Projects table insert statements
Insert into PROJECT (PROJECT_ID,CLIENT_ID,START_DATE,END_DATE,DEADLINE,SALESREP_ID,FIS_ID,STATUS,AGREED_BUDGET,ACTUAL_BUDGET) values (100001,1001,to_date('20-01-14','DD-MM-RR'),to_date('01-12-15','DD-MM-RR'),to_date('02-12-15','DD-MM-RR'),271001,271002,'Completed',10000000,1040202);
Insert into PROJECT (PROJECT_ID,CLIENT_ID,START_DATE,END_DATE,DEADLINE,SALESREP_ID,FIS_ID,STATUS,AGREED_BUDGET,ACTUAL_BUDGET) values (100015,1015,to_date('03-02-14','DD-MM-RR'),null,to_date('16-12-15','DD-MM-RR'),271001,271012,'In Progress',9965000,null);
Insert into PROJECT (PROJECT_ID,CLIENT_ID,START_DATE,END_DATE,DEADLINE,SALESREP_ID,FIS_ID,STATUS,AGREED_BUDGET,ACTUAL_BUDGET) values (100029,1008,to_date('17-03-14','DD-MM-RR'),null,to_date('30-12-15','DD-MM-RR'),271001,271004,'In Progress',9930000,null);
Insert into PROJECT (PROJECT_ID,CLIENT_ID,START_DATE,END_DATE,DEADLINE,SALESREP_ID,FIS_ID,STATUS,AGREED_BUDGET,ACTUAL_BUDGET) values (100002,1002,to_date('21-02-14','DD-MM-RR'),to_date('02-12-15','DD-MM-RR'),to_date('03-12-15','DD-MM-RR'),271003,271004,'Completed',9997500,9984038);
Insert into PROJECT (PROJECT_ID,CLIENT_ID,START_DATE,END_DATE,DEADLINE,SALESREP_ID,FIS_ID,STATUS,AGREED_BUDGET,ACTUAL_BUDGET) values (100016,1016,to_date('04-03-14','DD-MM-RR'),null,to_date('17-12-15','DD-MM-RR'),271003,271014,'In Progress',9962500,null);
Insert into PROJECT (PROJECT_ID,CLIENT_ID,START_DATE,END_DATE,DEADLINE,SALESREP_ID,FIS_ID,STATUS,AGREED_BUDGET,ACTUAL_BUDGET) values (100030,1009,to_date('18-04-14','DD-MM-RR'),null,to_date('31-12-15','DD-MM-RR'),271003,271006,'In Progress',9927500,null);
Insert into PROJECT (PROJECT_ID,CLIENT_ID,START_DATE,END_DATE,DEADLINE,SALESREP_ID,FIS_ID,STATUS,AGREED_BUDGET,ACTUAL_BUDGET) values (100003,1003,to_date('22-03-14','DD-MM-RR'),to_date('03-12-15','DD-MM-RR'),to_date('04-12-15','DD-MM-RR'),271005,271006,'Completed',9995000,9981538);
Insert into PROJECT (PROJECT_ID,CLIENT_ID,START_DATE,END_DATE,DEADLINE,SALESREP_ID,FIS_ID,STATUS,AGREED_BUDGET,ACTUAL_BUDGET) values (100017,1017,to_date('05-04-14','DD-MM-RR'),null,to_date('18-12-15','DD-MM-RR'),271005,271016,'In Progress',9960000,null);
Insert into PROJECT (PROJECT_ID,CLIENT_ID,START_DATE,END_DATE,DEADLINE,SALESREP_ID,FIS_ID,STATUS,AGREED_BUDGET,ACTUAL_BUDGET) values (100031,1010,to_date('19-05-14','DD-MM-RR'),null,to_date('01-01-16','DD-MM-RR'),271005,271008,'In Progress',9925000,null);
Insert into PROJECT (PROJECT_ID,CLIENT_ID,START_DATE,END_DATE,DEADLINE,SALESREP_ID,FIS_ID,STATUS,AGREED_BUDGET,ACTUAL_BUDGET) values (100004,1004,to_date('23-04-14','DD-MM-RR'),to_date('04-12-15','DD-MM-RR'),to_date('05-12-15','DD-MM-RR'),271007,271008,'Completed',9992500,9979038);
Insert into PROJECT (PROJECT_ID,CLIENT_ID,START_DATE,END_DATE,DEADLINE,SALESREP_ID,FIS_ID,STATUS,AGREED_BUDGET,ACTUAL_BUDGET) values (100018,1018,to_date('06-03-14','DD-MM-RR'),null,to_date('19-12-15','DD-MM-RR'),271007,271018,'In Progress',9957500,null);
Insert into PROJECT (PROJECT_ID,CLIENT_ID,START_DATE,END_DATE,DEADLINE,SALESREP_ID,FIS_ID,STATUS,AGREED_BUDGET,ACTUAL_BUDGET) values (100032,1011,to_date('20-02-14','DD-MM-RR'),null,to_date('02-01-16','DD-MM-RR'),271007,271010,'In Progress',9922500,null);
Insert into PROJECT (PROJECT_ID,CLIENT_ID,START_DATE,END_DATE,DEADLINE,SALESREP_ID,FIS_ID,STATUS,AGREED_BUDGET,ACTUAL_BUDGET) values (100005,1005,to_date('24-05-14','DD-MM-RR'),to_date('05-12-15','DD-MM-RR'),to_date('06-12-15','DD-MM-RR'),271009,271010,'Completed',9990000,9976538);
Insert into PROJECT (PROJECT_ID,CLIENT_ID,START_DATE,END_DATE,DEADLINE,SALESREP_ID,FIS_ID,STATUS,AGREED_BUDGET,ACTUAL_BUDGET) values (100019,1019,to_date('07-05-14','DD-MM-RR'),null,to_date('20-12-15','DD-MM-RR'),271009,271002,'In Progress',9955000,null);
Insert into PROJECT (PROJECT_ID,CLIENT_ID,START_DATE,END_DATE,DEADLINE,SALESREP_ID,FIS_ID,STATUS,AGREED_BUDGET,ACTUAL_BUDGET) values (100033,1012,to_date('21-05-14','DD-MM-RR'),null,to_date('03-01-16','DD-MM-RR'),271009,271012,'In Progress',9920000,null);
Insert into PROJECT (PROJECT_ID,CLIENT_ID,START_DATE,END_DATE,DEADLINE,SALESREP_ID,FIS_ID,STATUS,AGREED_BUDGET,ACTUAL_BUDGET) values (100006,1006,to_date('25-06-14','DD-MM-RR'),to_date('06-12-15','DD-MM-RR'),to_date('07-12-15','DD-MM-RR'),271011,271012,'Completed',9987500,9974038);
Insert into PROJECT (PROJECT_ID,CLIENT_ID,START_DATE,END_DATE,DEADLINE,SALESREP_ID,FIS_ID,STATUS,AGREED_BUDGET,ACTUAL_BUDGET) values (100020,1020,to_date('08-06-14','DD-MM-RR'),null,to_date('21-12-15','DD-MM-RR'),271011,271004,'In Progress',9952500,null);
Insert into PROJECT (PROJECT_ID,CLIENT_ID,START_DATE,END_DATE,DEADLINE,SALESREP_ID,FIS_ID,STATUS,AGREED_BUDGET,ACTUAL_BUDGET) values (100034,1013,to_date('22-06-14','DD-MM-RR'),null,to_date('04-01-16','DD-MM-RR'),271011,271014,'In Progress',9917500,null);
Insert into PROJECT (PROJECT_ID,CLIENT_ID,START_DATE,END_DATE,DEADLINE,SALESREP_ID,FIS_ID,STATUS,AGREED_BUDGET,ACTUAL_BUDGET) values (100007,1007,to_date('26-07-14','DD-MM-RR'),to_date('07-12-15','DD-MM-RR'),to_date('08-12-15','DD-MM-RR'),271013,271014,'Completed',9985000,9971538);
Insert into PROJECT (PROJECT_ID,CLIENT_ID,START_DATE,END_DATE,DEADLINE,SALESREP_ID,FIS_ID,STATUS,AGREED_BUDGET,ACTUAL_BUDGET) values (100021,1021,to_date('09-07-14','DD-MM-RR'),null,to_date('22-12-15','DD-MM-RR'),271013,271006,'In Progress',9950000,null);
Insert into PROJECT (PROJECT_ID,CLIENT_ID,START_DATE,END_DATE,DEADLINE,SALESREP_ID,FIS_ID,STATUS,AGREED_BUDGET,ACTUAL_BUDGET) values (100035,1014,to_date('23-08-14','DD-MM-RR'),null,to_date('05-01-16','DD-MM-RR'),271013,271016,'In Progress',9915000,null);
Insert into PROJECT (PROJECT_ID,CLIENT_ID,START_DATE,END_DATE,DEADLINE,SALESREP_ID,FIS_ID,STATUS,AGREED_BUDGET,ACTUAL_BUDGET) values (100008,1008,to_date('27-08-14','DD-MM-RR'),to_date('08-12-15','DD-MM-RR'),to_date('09-12-15','DD-MM-RR'),271015,271016,'Completed',9982500,9969038);
Insert into PROJECT (PROJECT_ID,CLIENT_ID,START_DATE,END_DATE,DEADLINE,SALESREP_ID,FIS_ID,STATUS,AGREED_BUDGET,ACTUAL_BUDGET) values (100022,1001,to_date('10-08-14','DD-MM-RR'),null,to_date('23-12-15','DD-MM-RR'),271015,271008,'In Progress',9947500,null);
Insert into PROJECT (PROJECT_ID,CLIENT_ID,START_DATE,END_DATE,DEADLINE,SALESREP_ID,FIS_ID,STATUS,AGREED_BUDGET,ACTUAL_BUDGET) values (100036,1015,to_date('24-09-14','DD-MM-RR'),null,to_date('06-01-16','DD-MM-RR'),271015,271018,'In Progress',9912500,null);
Insert into PROJECT (PROJECT_ID,CLIENT_ID,START_DATE,END_DATE,DEADLINE,SALESREP_ID,FIS_ID,STATUS,AGREED_BUDGET,ACTUAL_BUDGET) values (100009,1009,to_date('28-08-14','DD-MM-RR'),to_date('09-12-15','DD-MM-RR'),to_date('10-12-15','DD-MM-RR'),271017,271018,'Completed',9980000,9966538);
Insert into PROJECT (PROJECT_ID,CLIENT_ID,START_DATE,END_DATE,DEADLINE,SALESREP_ID,FIS_ID,STATUS,AGREED_BUDGET,ACTUAL_BUDGET) values (100023,1002,to_date('11-09-14','DD-MM-RR'),null,to_date('24-12-15','DD-MM-RR'),271017,271010,'In Progress',9945000,null);
Insert into PROJECT (PROJECT_ID,CLIENT_ID,START_DATE,END_DATE,DEADLINE,SALESREP_ID,FIS_ID,STATUS,AGREED_BUDGET,ACTUAL_BUDGET) values (100037,1016,to_date('25-02-14','DD-MM-RR'),null,to_date('07-01-16','DD-MM-RR'),271017,271002,'In Progress',9910000,null);
Insert into PROJECT (PROJECT_ID,CLIENT_ID,START_DATE,END_DATE,DEADLINE,SALESREP_ID,FIS_ID,STATUS,AGREED_BUDGET,ACTUAL_BUDGET) values (100010,1010,to_date('29-09-14','DD-MM-RR'),to_date('10-12-15','DD-MM-RR'),to_date('11-12-15','DD-MM-RR'),271019,271002,'Completed',9977500,9964038);
Insert into PROJECT (PROJECT_ID,CLIENT_ID,START_DATE,END_DATE,DEADLINE,SALESREP_ID,FIS_ID,STATUS,AGREED_BUDGET,ACTUAL_BUDGET) values (100024,1003,to_date('14-02-14','DD-MM-RR'),null,to_date('25-12-15','DD-MM-RR'),271019,271012,'In Progress',9942500,null);
Insert into PROJECT (PROJECT_ID,CLIENT_ID,START_DATE,END_DATE,DEADLINE,SALESREP_ID,FIS_ID,STATUS,AGREED_BUDGET,ACTUAL_BUDGET) values (100038,1017,to_date('26-03-14','DD-MM-RR'),null,to_date('08-01-16','DD-MM-RR'),271019,271004,'In Progress',9907500,null);
Insert into PROJECT (PROJECT_ID,CLIENT_ID,START_DATE,END_DATE,DEADLINE,SALESREP_ID,FIS_ID,STATUS,AGREED_BUDGET,ACTUAL_BUDGET) values (100011,1011,to_date('30-10-14','DD-MM-RR'),to_date('11-12-15','DD-MM-RR'),to_date('12-12-15','DD-MM-RR'),271020,271004,'Completed',9975000,9961538);
Insert into PROJECT (PROJECT_ID,CLIENT_ID,START_DATE,END_DATE,DEADLINE,SALESREP_ID,FIS_ID,STATUS,AGREED_BUDGET,ACTUAL_BUDGET) values (100025,1004,to_date('13-09-14','DD-MM-RR'),null,to_date('26-12-15','DD-MM-RR'),271020,271014,'In Progress',9940000,null);
Insert into PROJECT (PROJECT_ID,CLIENT_ID,START_DATE,END_DATE,DEADLINE,SALESREP_ID,FIS_ID,STATUS,AGREED_BUDGET,ACTUAL_BUDGET) values (100039,1018,to_date('27-10-14','DD-MM-RR'),null,to_date('09-01-16','DD-MM-RR'),271020,271006,'In Progress',9905000,null);
Insert into PROJECT (PROJECT_ID,CLIENT_ID,START_DATE,END_DATE,DEADLINE,SALESREP_ID,FIS_ID,STATUS,AGREED_BUDGET,ACTUAL_BUDGET) values (100012,1012,to_date('31-12-14','DD-MM-RR'),to_date('12-12-15','DD-MM-RR'),to_date('13-12-15','DD-MM-RR'),271021,271006,'Completed',9972500,9959038);
Insert into PROJECT (PROJECT_ID,CLIENT_ID,START_DATE,END_DATE,DEADLINE,SALESREP_ID,FIS_ID,STATUS,AGREED_BUDGET,ACTUAL_BUDGET) values (100026,1005,to_date('14-10-14','DD-MM-RR'),null,to_date('27-12-15','DD-MM-RR'),271021,271016,'In Progress',9937500,null);
Insert into PROJECT (PROJECT_ID,CLIENT_ID,START_DATE,END_DATE,DEADLINE,SALESREP_ID,FIS_ID,STATUS,AGREED_BUDGET,ACTUAL_BUDGET) values (100040,1019,to_date('28-12-14','DD-MM-RR'),null,to_date('10-01-16','DD-MM-RR'),271021,271008,'In Progress',9902500,null);
Insert into PROJECT (PROJECT_ID,CLIENT_ID,START_DATE,END_DATE,DEADLINE,SALESREP_ID,FIS_ID,STATUS,AGREED_BUDGET,ACTUAL_BUDGET) values (100013,1013,to_date('01-12-14','DD-MM-RR'),null,to_date('14-12-15','DD-MM-RR'),271022,271008,'In Progress',9970000,null);
Insert into PROJECT (PROJECT_ID,CLIENT_ID,START_DATE,END_DATE,DEADLINE,SALESREP_ID,FIS_ID,STATUS,AGREED_BUDGET,ACTUAL_BUDGET) values (100027,1006,to_date('15-02-14','DD-MM-RR'),null,to_date('28-12-15','DD-MM-RR'),271022,271018,'In Progress',9935000,null);
Insert into PROJECT (PROJECT_ID,CLIENT_ID,START_DATE,END_DATE,DEADLINE,SALESREP_ID,FIS_ID,STATUS,AGREED_BUDGET,ACTUAL_BUDGET) values (100041,1020,to_date('29-03-14','DD-MM-RR'),null,to_date('11-01-16','DD-MM-RR'),271022,271010,'In Progress',9900000,null);
Insert into PROJECT (PROJECT_ID,CLIENT_ID,START_DATE,END_DATE,DEADLINE,SALESREP_ID,FIS_ID,STATUS,AGREED_BUDGET,ACTUAL_BUDGET) values (100014,1014,to_date('02-11-14','DD-MM-RR'),null,to_date('15-12-15','DD-MM-RR'),271023,271010,'In Progress',9967500,null);
Insert into PROJECT (PROJECT_ID,CLIENT_ID,START_DATE,END_DATE,DEADLINE,SALESREP_ID,FIS_ID,STATUS,AGREED_BUDGET,ACTUAL_BUDGET) values (100028,1007,to_date('16-12-14','DD-MM-RR'),null,to_date('29-12-15','DD-MM-RR'),271023,271002,'In Progress',9932500,null);
Insert into PROJECT (PROJECT_ID,CLIENT_ID,START_DATE,END_DATE,DEADLINE,SALESREP_ID,FIS_ID,STATUS,AGREED_BUDGET,ACTUAL_BUDGET) values (100042,1021,to_date('01-11-14','DD-MM-RR'),null,to_date('12-01-16','DD-MM-RR'),271023,271012,'In Progress',9897500,null);
commit;


--- Project_Details table insert statements

Insert into PROJECT_DETAILS (PROJECT_ID,MODEL_ID,PRIORITY,QUANTITY,STATUS,MODEL_CATEGORY,CAPACITY,PURPOSE) values (100001,101,1,2,'Completed','E',900,'office');
Insert into PROJECT_DETAILS (PROJECT_ID,MODEL_ID,PRIORITY,QUANTITY,STATUS,MODEL_CATEGORY,CAPACITY,PURPOSE) values (100002,103,1,3,'Completed','E',900,'office');
Insert into PROJECT_DETAILS (PROJECT_ID,MODEL_ID,PRIORITY,QUANTITY,STATUS,MODEL_CATEGORY,CAPACITY,PURPOSE) values (100003,102,1,2,'Completed','E',1350,'Commercial');
Insert into PROJECT_DETAILS (PROJECT_ID,MODEL_ID,PRIORITY,QUANTITY,STATUS,MODEL_CATEGORY,CAPACITY,PURPOSE) values (100004,102,1,3,'Completed','E',900,'office');
Insert into PROJECT_DETAILS (PROJECT_ID,MODEL_ID,PRIORITY,QUANTITY,STATUS,MODEL_CATEGORY,CAPACITY,PURPOSE) values (100005,101,2,2,'Completed','E',1800,'office');
Insert into PROJECT_DETAILS (PROJECT_ID,MODEL_ID,PRIORITY,QUANTITY,STATUS,MODEL_CATEGORY,CAPACITY,PURPOSE) values (100006,103,2,4,'Completed','E',900,'Hotel');
Insert into PROJECT_DETAILS (PROJECT_ID,MODEL_ID,PRIORITY,QUANTITY,STATUS,MODEL_CATEGORY,CAPACITY,PURPOSE) values (100007,102,1,2,'Completed','E',1800,'Hospital');
Insert into PROJECT_DETAILS (PROJECT_ID,MODEL_ID,PRIORITY,QUANTITY,STATUS,MODEL_CATEGORY,CAPACITY,PURPOSE) values (100008,102,1,2,'Completed','E',1600,'office');
Insert into PROJECT_DETAILS (PROJECT_ID,MODEL_ID,PRIORITY,QUANTITY,STATUS,MODEL_CATEGORY,CAPACITY,PURPOSE) values (100009,101,1,4,'Completed','E',900,'Commercial');
Insert into PROJECT_DETAILS (PROJECT_ID,MODEL_ID,PRIORITY,QUANTITY,STATUS,MODEL_CATEGORY,CAPACITY,PURPOSE) values (100010,103,1,4,'Completed','E',1350,'Hotel');
Insert into PROJECT_DETAILS (PROJECT_ID,MODEL_ID,PRIORITY,QUANTITY,STATUS,MODEL_CATEGORY,CAPACITY,PURPOSE) values (100011,102,1,4,'Completed','E',1250,'Hospital');
Insert into PROJECT_DETAILS (PROJECT_ID,MODEL_ID,PRIORITY,QUANTITY,STATUS,MODEL_CATEGORY,CAPACITY,PURPOSE) values (100012,101,1,4,'Completed','E',900,'office');
Insert into PROJECT_DETAILS (PROJECT_ID,MODEL_ID,PRIORITY,QUANTITY,STATUS,MODEL_CATEGORY,CAPACITY,PURPOSE) values (100013,103,1,4,'In Progress','E',900,'Residential');
Insert into PROJECT_DETAILS (PROJECT_ID,MODEL_ID,PRIORITY,QUANTITY,STATUS,MODEL_CATEGORY,CAPACITY,PURPOSE) values (100014,101,1,2,'In Progress','E',1800,'Residential');
Insert into PROJECT_DETAILS (PROJECT_ID,MODEL_ID,PRIORITY,QUANTITY,STATUS,MODEL_CATEGORY,CAPACITY,PURPOSE) values (100015,101,1,2,'In Progress','E',1600,'office');
Insert into PROJECT_DETAILS (PROJECT_ID,MODEL_ID,PRIORITY,QUANTITY,STATUS,MODEL_CATEGORY,CAPACITY,PURPOSE) values (100016,102,1,2,'In Progress','E',1350,'Hospital');
Insert into PROJECT_DETAILS (PROJECT_ID,MODEL_ID,PRIORITY,QUANTITY,STATUS,MODEL_CATEGORY,CAPACITY,PURPOSE) values (100017,102,1,2,'In Progress','E',1600,'Hotel');
Insert into PROJECT_DETAILS (PROJECT_ID,MODEL_ID,PRIORITY,QUANTITY,STATUS,MODEL_CATEGORY,CAPACITY,PURPOSE) values (100018,103,1,2,'In Progress','E',1800,'office');
Insert into PROJECT_DETAILS (PROJECT_ID,MODEL_ID,PRIORITY,QUANTITY,STATUS,MODEL_CATEGORY,CAPACITY,PURPOSE) values (100019,101,1,2,'In Progress','E',1800,'Commercial');
Insert into PROJECT_DETAILS (PROJECT_ID,MODEL_ID,PRIORITY,QUANTITY,STATUS,MODEL_CATEGORY,CAPACITY,PURPOSE) values (100020,102,1,4,'In Progress','E',900,'residential');
Insert into PROJECT_DETAILS (PROJECT_ID,MODEL_ID,PRIORITY,QUANTITY,STATUS,MODEL_CATEGORY,CAPACITY,PURPOSE) values (100021,102,1,2,'In Progress','E',1350,'Commercial');
Insert into PROJECT_DETAILS (PROJECT_ID,MODEL_ID,PRIORITY,QUANTITY,STATUS,MODEL_CATEGORY,CAPACITY,PURPOSE) values (100022,104,1,2,'In Progress','S',4500,'office');
Insert into PROJECT_DETAILS (PROJECT_ID,MODEL_ID,PRIORITY,QUANTITY,STATUS,MODEL_CATEGORY,CAPACITY,PURPOSE) values (100023,104,1,2,'In Progress','S',4500,'office');
Insert into PROJECT_DETAILS (PROJECT_ID,MODEL_ID,PRIORITY,QUANTITY,STATUS,MODEL_CATEGORY,CAPACITY,PURPOSE) values (100024,104,1,2,'FISinspected','S',5500,'Commercial');
Insert into PROJECT_DETAILS (PROJECT_ID,MODEL_ID,PRIORITY,QUANTITY,STATUS,MODEL_CATEGORY,CAPACITY,PURPOSE) values (100025,104,1,2,'FISinspected','S',6500,'office');
Insert into PROJECT_DETAILS (PROJECT_ID,MODEL_ID,PRIORITY,QUANTITY,STATUS,MODEL_CATEGORY,CAPACITY,PURPOSE) values (100026,104,1,2,'FISinspected','S',3500,'office');
Insert into PROJECT_DETAILS (PROJECT_ID,MODEL_ID,PRIORITY,QUANTITY,STATUS,MODEL_CATEGORY,CAPACITY,PURPOSE) values (100027,104,1,2,'FISinspected','S',2500,'Hotel');
Insert into PROJECT_DETAILS (PROJECT_ID,MODEL_ID,PRIORITY,QUANTITY,STATUS,MODEL_CATEGORY,CAPACITY,PURPOSE) values (100028,104,1,2,'FISinspected','S',1500,'Hospital');
Insert into PROJECT_DETAILS (PROJECT_ID,MODEL_ID,PRIORITY,QUANTITY,STATUS,MODEL_CATEGORY,CAPACITY,PURPOSE) values (100015,102,2,2,'FISinspected','E',3200,'office-Service');
Insert into PROJECT_DETAILS (PROJECT_ID,MODEL_ID,PRIORITY,QUANTITY,STATUS,MODEL_CATEGORY,CAPACITY,PURPOSE) values (100016,105,1,1,'FISinspected','S',6000,'Commercial');
Insert into PROJECT_DETAILS (PROJECT_ID,MODEL_ID,PRIORITY,QUANTITY,STATUS,MODEL_CATEGORY,CAPACITY,PURPOSE) values (100017,105,1,1,'In Progress','S',6000,'Hotel');
Insert into PROJECT_DETAILS (PROJECT_ID,MODEL_ID,PRIORITY,QUANTITY,STATUS,MODEL_CATEGORY,CAPACITY,PURPOSE) values (100018,105,1,1,'In Progress','S',6000,'Hospital');
Insert into PROJECT_DETAILS (PROJECT_ID,MODEL_ID,PRIORITY,QUANTITY,STATUS,MODEL_CATEGORY,CAPACITY,PURPOSE) values (100029,102,1,2,'Agreement','E',1800,'office-Service');
Insert into PROJECT_DETAILS (PROJECT_ID,MODEL_ID,PRIORITY,QUANTITY,STATUS,MODEL_CATEGORY,CAPACITY,PURPOSE) values (100030,105,1,1,'Agreement','S',6000,'Residential');
Insert into PROJECT_DETAILS (PROJECT_ID,MODEL_ID,PRIORITY,QUANTITY,STATUS,MODEL_CATEGORY,CAPACITY,PURPOSE) values (100031,105,1,1,'Agreement','S',4000,'Residential');
Insert into PROJECT_DETAILS (PROJECT_ID,MODEL_ID,PRIORITY,QUANTITY,STATUS,MODEL_CATEGORY,CAPACITY,PURPOSE) values (100032,105,1,1,'Agreement','S',5000,'office');
Insert into PROJECT_DETAILS (PROJECT_ID,MODEL_ID,PRIORITY,QUANTITY,STATUS,MODEL_CATEGORY,CAPACITY,PURPOSE) values (100033,105,1,1,'Agreement','S',5000,'Hospital');
Insert into PROJECT_DETAILS (PROJECT_ID,MODEL_ID,PRIORITY,QUANTITY,STATUS,MODEL_CATEGORY,CAPACITY,PURPOSE) values (100034,104,1,2,'FISinspected','S',1500,'Hotel');
Insert into PROJECT_DETAILS (PROJECT_ID,MODEL_ID,PRIORITY,QUANTITY,STATUS,MODEL_CATEGORY,CAPACITY,PURPOSE) values (100035,104,1,2,'FISinspected','S',3500,'office');
Insert into PROJECT_DETAILS (PROJECT_ID,MODEL_ID,PRIORITY,QUANTITY,STATUS,MODEL_CATEGORY,CAPACITY,PURPOSE) values (100036,104,1,2,'FISinspected','S',2500,'Commercial');
Insert into PROJECT_DETAILS (PROJECT_ID,MODEL_ID,PRIORITY,QUANTITY,STATUS,MODEL_CATEGORY,CAPACITY,PURPOSE) values (100037,104,1,2,'Agreement','S',3000,'residential');
Insert into PROJECT_DETAILS (PROJECT_ID,MODEL_ID,PRIORITY,QUANTITY,STATUS,MODEL_CATEGORY,CAPACITY,PURPOSE) values (100038,104,1,2,'Agreement','S',2500,'Commercial');
Insert into PROJECT_DETAILS (PROJECT_ID,MODEL_ID,PRIORITY,QUANTITY,STATUS,MODEL_CATEGORY,CAPACITY,PURPOSE) values (100001,103,2,3,'Completed','E',900,'office');
Insert into PROJECT_DETAILS (PROJECT_ID,MODEL_ID,PRIORITY,QUANTITY,STATUS,MODEL_CATEGORY,CAPACITY,PURPOSE) values (100002,104,1,2,'Completed','S',900,'office');
Insert into PROJECT_DETAILS (PROJECT_ID,MODEL_ID,PRIORITY,QUANTITY,STATUS,MODEL_CATEGORY,CAPACITY,PURPOSE) values (100003,101,2,2,'Completed','E',1350,'Commercial');
Insert into PROJECT_DETAILS (PROJECT_ID,MODEL_ID,PRIORITY,QUANTITY,STATUS,MODEL_CATEGORY,CAPACITY,PURPOSE) values (100004,103,1,2,'Completed','E',900,'office');
Insert into PROJECT_DETAILS (PROJECT_ID,MODEL_ID,PRIORITY,QUANTITY,STATUS,MODEL_CATEGORY,CAPACITY,PURPOSE) values (100004,104,2,2,'Completed','S',1350,'office');
Insert into PROJECT_DETAILS (PROJECT_ID,MODEL_ID,PRIORITY,QUANTITY,STATUS,MODEL_CATEGORY,CAPACITY,PURPOSE) values (100005,102,2,4,'Completed','E',900,'office');
Insert into PROJECT_DETAILS (PROJECT_ID,MODEL_ID,PRIORITY,QUANTITY,STATUS,MODEL_CATEGORY,CAPACITY,PURPOSE) values (100005,104,1,2,'Completed','S',900,'office');
Insert into PROJECT_DETAILS (PROJECT_ID,MODEL_ID,PRIORITY,QUANTITY,STATUS,MODEL_CATEGORY,CAPACITY,PURPOSE) values (100006,101,1,2,'Completed','E',1200,'Hotel');
Insert into PROJECT_DETAILS (PROJECT_ID,MODEL_ID,PRIORITY,QUANTITY,STATUS,MODEL_CATEGORY,CAPACITY,PURPOSE) values (100007,103,2,2,'Completed','E',1800,'Hospital');
Insert into PROJECT_DETAILS (PROJECT_ID,MODEL_ID,PRIORITY,QUANTITY,STATUS,MODEL_CATEGORY,CAPACITY,PURPOSE) values (100029,104,1,2,'Agreement','S',2000,'office');
Insert into PROJECT_DETAILS (PROJECT_ID,MODEL_ID,PRIORITY,QUANTITY,STATUS,MODEL_CATEGORY,CAPACITY,PURPOSE) values (100033,104,1,1,'Agreement','S',1250,'office');
Insert into PROJECT_DETAILS (PROJECT_ID,MODEL_ID,PRIORITY,QUANTITY,STATUS,MODEL_CATEGORY,CAPACITY,PURPOSE) values (100033,102,3,1,'Agreement','E',3200,'office-Service');
Insert into PROJECT_DETAILS (PROJECT_ID,MODEL_ID,PRIORITY,QUANTITY,STATUS,MODEL_CATEGORY,CAPACITY,PURPOSE) values (100033,101,4,1,'Agreement','E',1250,'office');
commit;

--- Project_Details_Escalator table insert statements

Insert into PROJECT_DETAILS_ESCALATOR (PROJECT_ID,MODEL_ID,VELOCITY,ANGLE,STEP_WIDTH) values (100022,104,0.45,35,600);
Insert into PROJECT_DETAILS_ESCALATOR (PROJECT_ID,MODEL_ID,VELOCITY,ANGLE,STEP_WIDTH) values (100023,104,0.4,30,800);
Insert into PROJECT_DETAILS_ESCALATOR (PROJECT_ID,MODEL_ID,VELOCITY,ANGLE,STEP_WIDTH) values (100024,104,0.4,33,600);
Insert into PROJECT_DETAILS_ESCALATOR (PROJECT_ID,MODEL_ID,VELOCITY,ANGLE,STEP_WIDTH) values (100025,104,0.45,30,600);
Insert into PROJECT_DETAILS_ESCALATOR (PROJECT_ID,MODEL_ID,VELOCITY,ANGLE,STEP_WIDTH) values (100026,104,0.4,30,800);
Insert into PROJECT_DETAILS_ESCALATOR (PROJECT_ID,MODEL_ID,VELOCITY,ANGLE,STEP_WIDTH) values (100027,104,0.4,30,600);
Insert into PROJECT_DETAILS_ESCALATOR (PROJECT_ID,MODEL_ID,VELOCITY,ANGLE,STEP_WIDTH) values (100028,104,0.45,30,800);
Insert into PROJECT_DETAILS_ESCALATOR (PROJECT_ID,MODEL_ID,VELOCITY,ANGLE,STEP_WIDTH) values (100016,105,0.45,30,800);
Insert into PROJECT_DETAILS_ESCALATOR (PROJECT_ID,MODEL_ID,VELOCITY,ANGLE,STEP_WIDTH) values (100017,105,0.45,35,600);
Insert into PROJECT_DETAILS_ESCALATOR (PROJECT_ID,MODEL_ID,VELOCITY,ANGLE,STEP_WIDTH) values (100018,105,0.5,35,900);
Insert into PROJECT_DETAILS_ESCALATOR (PROJECT_ID,MODEL_ID,VELOCITY,ANGLE,STEP_WIDTH) values (100030,105,0.5,30,1000);
Insert into PROJECT_DETAILS_ESCALATOR (PROJECT_ID,MODEL_ID,VELOCITY,ANGLE,STEP_WIDTH) values (100031,105,0.3,30,1000);
Insert into PROJECT_DETAILS_ESCALATOR (PROJECT_ID,MODEL_ID,VELOCITY,ANGLE,STEP_WIDTH) values (100032,105,0.5,30,1000);
Insert into PROJECT_DETAILS_ESCALATOR (PROJECT_ID,MODEL_ID,VELOCITY,ANGLE,STEP_WIDTH) values (100033,105,0.5,0,800);
Insert into PROJECT_DETAILS_ESCALATOR (PROJECT_ID,MODEL_ID,VELOCITY,ANGLE,STEP_WIDTH) values (100034,104,0.45,10,1000);
Insert into PROJECT_DETAILS_ESCALATOR (PROJECT_ID,MODEL_ID,VELOCITY,ANGLE,STEP_WIDTH) values (100035,104,0.5,30,1000);
Insert into PROJECT_DETAILS_ESCALATOR (PROJECT_ID,MODEL_ID,VELOCITY,ANGLE,STEP_WIDTH) values (100036,104,0.3,30,1000);
Insert into PROJECT_DETAILS_ESCALATOR (PROJECT_ID,MODEL_ID,VELOCITY,ANGLE,STEP_WIDTH) values (100037,104,0.4,30,1000);
Insert into PROJECT_DETAILS_ESCALATOR (PROJECT_ID,MODEL_ID,VELOCITY,ANGLE,STEP_WIDTH) values (100038,104,0.5,30,800);
Insert into PROJECT_DETAILS_ESCALATOR (PROJECT_ID,MODEL_ID,VELOCITY,ANGLE,STEP_WIDTH) values (100002,104,0.45,30,600);
Insert into PROJECT_DETAILS_ESCALATOR (PROJECT_ID,MODEL_ID,VELOCITY,ANGLE,STEP_WIDTH) values (100004,104,0.45,12,800);
Insert into PROJECT_DETAILS_ESCALATOR (PROJECT_ID,MODEL_ID,VELOCITY,ANGLE,STEP_WIDTH) values (100005,104,0.4,30,800);
Insert into PROJECT_DETAILS_ESCALATOR (PROJECT_ID,MODEL_ID,VELOCITY,ANGLE,STEP_WIDTH) values (100029,104,0.3,30,1000);
Insert into PROJECT_DETAILS_ESCALATOR (PROJECT_ID,MODEL_ID,VELOCITY,ANGLE,STEP_WIDTH) values (100033,104,0.5,30,800);
commit;

--Project_Details_Elevator table insert statements

Insert into PROJECT_DETAILS_ELEVATOR (PROJECT_ID,MODEL_ID,LENGTH,BREADTH,HEIGHT,DOOR_TYPE,MAX_RISE,MAX_SPEED) values (100001,101,3000,5000,6000,'Doubleway',15,1);
Insert into PROJECT_DETAILS_ELEVATOR (PROJECT_ID,MODEL_ID,LENGTH,BREADTH,HEIGHT,DOOR_TYPE,MAX_RISE,MAX_SPEED) values (100002,103,4000,6000,5000,'Twoside',15,1.5);
Insert into PROJECT_DETAILS_ELEVATOR (PROJECT_ID,MODEL_ID,LENGTH,BREADTH,HEIGHT,DOOR_TYPE,MAX_RISE,MAX_SPEED) values (100003,102,4000,5000,6000,'Twoside',15,1);
Insert into PROJECT_DETAILS_ELEVATOR (PROJECT_ID,MODEL_ID,LENGTH,BREADTH,HEIGHT,DOOR_TYPE,MAX_RISE,MAX_SPEED) values (100004,102,4000,5000,6000,'Twoside',15,1);
Insert into PROJECT_DETAILS_ELEVATOR (PROJECT_ID,MODEL_ID,LENGTH,BREADTH,HEIGHT,DOOR_TYPE,MAX_RISE,MAX_SPEED) values (100005,101,4000,5000,6000,'Doubleway',15,2.5);
Insert into PROJECT_DETAILS_ELEVATOR (PROJECT_ID,MODEL_ID,LENGTH,BREADTH,HEIGHT,DOOR_TYPE,MAX_RISE,MAX_SPEED) values (100006,103,6000,6000,6000,'Doubleway',10,1);
Insert into PROJECT_DETAILS_ELEVATOR (PROJECT_ID,MODEL_ID,LENGTH,BREADTH,HEIGHT,DOOR_TYPE,MAX_RISE,MAX_SPEED) values (100007,102,4000,5000,8000,'Doubleway',15,1);
Insert into PROJECT_DETAILS_ELEVATOR (PROJECT_ID,MODEL_ID,LENGTH,BREADTH,HEIGHT,DOOR_TYPE,MAX_RISE,MAX_SPEED) values (100008,102,4000,6000,5000,'Twoside',10,1);
Insert into PROJECT_DETAILS_ELEVATOR (PROJECT_ID,MODEL_ID,LENGTH,BREADTH,HEIGHT,DOOR_TYPE,MAX_RISE,MAX_SPEED) values (100009,101,4000,5000,6000,'Doubleway',20,2.5);
Insert into PROJECT_DETAILS_ELEVATOR (PROJECT_ID,MODEL_ID,LENGTH,BREADTH,HEIGHT,DOOR_TYPE,MAX_RISE,MAX_SPEED) values (100010,103,6000,6000,6000,'Doubleway',10,1);
Insert into PROJECT_DETAILS_ELEVATOR (PROJECT_ID,MODEL_ID,LENGTH,BREADTH,HEIGHT,DOOR_TYPE,MAX_RISE,MAX_SPEED) values (100011,102,4000,5000,6000,'Doubleway',15,1);
Insert into PROJECT_DETAILS_ELEVATOR (PROJECT_ID,MODEL_ID,LENGTH,BREADTH,HEIGHT,DOOR_TYPE,MAX_RISE,MAX_SPEED) values (100012,101,4000,6000,6000,'Single',5,0.4);
Insert into PROJECT_DETAILS_ELEVATOR (PROJECT_ID,MODEL_ID,LENGTH,BREADTH,HEIGHT,DOOR_TYPE,MAX_RISE,MAX_SPEED) values (100013,103,4000,6000,6000,'Single',5,0.45);
Insert into PROJECT_DETAILS_ELEVATOR (PROJECT_ID,MODEL_ID,LENGTH,BREADTH,HEIGHT,DOOR_TYPE,MAX_RISE,MAX_SPEED) values (100014,101,4000,5000,6000,'Doubleway',15,1);
Insert into PROJECT_DETAILS_ELEVATOR (PROJECT_ID,MODEL_ID,LENGTH,BREADTH,HEIGHT,DOOR_TYPE,MAX_RISE,MAX_SPEED) values (100015,101,6000,6000,6000,'Doubleway',10,1);
Insert into PROJECT_DETAILS_ELEVATOR (PROJECT_ID,MODEL_ID,LENGTH,BREADTH,HEIGHT,DOOR_TYPE,MAX_RISE,MAX_SPEED) values (100016,102,4000,5000,6000,'Doubleway',20,1.5);
Insert into PROJECT_DETAILS_ELEVATOR (PROJECT_ID,MODEL_ID,LENGTH,BREADTH,HEIGHT,DOOR_TYPE,MAX_RISE,MAX_SPEED) values (100017,102,6000,5000,5000,'Doubleway',25,1);
Insert into PROJECT_DETAILS_ELEVATOR (PROJECT_ID,MODEL_ID,LENGTH,BREADTH,HEIGHT,DOOR_TYPE,MAX_RISE,MAX_SPEED) values (100018,103,4000,6000,5000,'Twoside',10,1);
Insert into PROJECT_DETAILS_ELEVATOR (PROJECT_ID,MODEL_ID,LENGTH,BREADTH,HEIGHT,DOOR_TYPE,MAX_RISE,MAX_SPEED) values (100019,101,5000,6000,6000,'Single',5,0.5);
Insert into PROJECT_DETAILS_ELEVATOR (PROJECT_ID,MODEL_ID,LENGTH,BREADTH,HEIGHT,DOOR_TYPE,MAX_RISE,MAX_SPEED) values (100020,102,4000,6000,5000,'Twoside',15,1);
Insert into PROJECT_DETAILS_ELEVATOR (PROJECT_ID,MODEL_ID,LENGTH,BREADTH,HEIGHT,DOOR_TYPE,MAX_RISE,MAX_SPEED) values (100021,102,4000,6000,6000,'Single',5,0.45);
Insert into PROJECT_DETAILS_ELEVATOR (PROJECT_ID,MODEL_ID,LENGTH,BREADTH,HEIGHT,DOOR_TYPE,MAX_RISE,MAX_SPEED) values (100015,102,4000,5000,6000,'Doubleway',15,1);
Insert into PROJECT_DETAILS_ELEVATOR (PROJECT_ID,MODEL_ID,LENGTH,BREADTH,HEIGHT,DOOR_TYPE,MAX_RISE,MAX_SPEED) values (100029,102,6000,6000,6000,'Doubleway',10,1);
Insert into PROJECT_DETAILS_ELEVATOR (PROJECT_ID,MODEL_ID,LENGTH,BREADTH,HEIGHT,DOOR_TYPE,MAX_RISE,MAX_SPEED) values (100001,103,4000,5000,6000,'Doubleway',20,1.5);
Insert into PROJECT_DETAILS_ELEVATOR (PROJECT_ID,MODEL_ID,LENGTH,BREADTH,HEIGHT,DOOR_TYPE,MAX_RISE,MAX_SPEED) values (100003,101,6000,5000,5000,'Doubleway',25,1);
Insert into PROJECT_DETAILS_ELEVATOR (PROJECT_ID,MODEL_ID,LENGTH,BREADTH,HEIGHT,DOOR_TYPE,MAX_RISE,MAX_SPEED) values (100004,103,4000,6000,5000,'Twoside',10,1);
Insert into PROJECT_DETAILS_ELEVATOR (PROJECT_ID,MODEL_ID,LENGTH,BREADTH,HEIGHT,DOOR_TYPE,MAX_RISE,MAX_SPEED) values (100005,102,5000,6000,6000,'Single',5,0.5);
Insert into PROJECT_DETAILS_ELEVATOR (PROJECT_ID,MODEL_ID,LENGTH,BREADTH,HEIGHT,DOOR_TYPE,MAX_RISE,MAX_SPEED) values (100006,101,4000,6000,5000,'Twoside',15,1);
Insert into PROJECT_DETAILS_ELEVATOR (PROJECT_ID,MODEL_ID,LENGTH,BREADTH,HEIGHT,DOOR_TYPE,MAX_RISE,MAX_SPEED) values (100033,102,4000,5000,6000,'Doubleway',15,1);
Insert into PROJECT_DETAILS_ELEVATOR (PROJECT_ID,MODEL_ID,LENGTH,BREADTH,HEIGHT,DOOR_TYPE,MAX_RISE,MAX_SPEED) values (100033,101,4000,6000,6000,'Single',5,0.4);
Insert into PROJECT_DETAILS_ELEVATOR (PROJECT_ID,MODEL_ID,LENGTH,BREADTH,HEIGHT,DOOR_TYPE,MAX_RISE,MAX_SPEED) values (100007,103,6000,6000,6000,'Doubleway',10,1);
commit;




